{"stats":{"minecraft:picked_up":{"minecraft:ladder":1,"minecraft:lantern":2,"minecraft:comparator":6,"minecraft:powered_rail":1,"minecraft:rail":7},"minecraft:used":{"minecraft:trident":2,"minecraft:water_bucket":36,"minecraft:netherite_sword":7,"minecraft:diorite":1,"minecraft:enchanting_table":2,"minecraft:lodestone":12,"minecraft:chiseled_deepslate":22,"minecraft:birch_planks":9,"minecraft:red_concrete":48,"minecraft:armor_stand":4,"minecraft:powered_rail":38,"minecraft:ladder":1,"minecraft:cartography_table":6,"minecraft:chest":523,"minecraft:birch_boat":2,"minecraft:ender_chest":2,"minecraft:redstone_block":15,"minecraft:stonecutter":2,"minecraft:quartz_stairs":90,"minecraft:beacon":5,"minecraft:diamond_axe":12,"minecraft:waxed_copper_block":34,"minecraft:smooth_quartz_stairs":171,"minecraft:target":169,"minecraft:comparator":9,"minecraft:rail":24,"minecraft:mangrove_trapdoor":2,"minecraft:crafting_table":1,"minecraft:brick_slab":31,"minecraft:birch_sign":19,"minecraft:blue_ice":215,"minecraft:campfire":2,"minecraft:furnace_minecart":8,"minecraft:note_block":6,"minecraft:painting":67,"minecraft:dark_oak_door":14,"minecraft:lightning_rod":75,"minecraft:piston":3,"minecraft:waxed_oxidized_copper":1,"minecraft:acacia_door":255,"minecraft:bookshelf":30,"minecraft:mangrove_door":5,"minecraft:villager_spawn_egg":5,"minecraft:quartz_slab":79,"minecraft:birch_chest_boat":2,"minecraft:waxed_cut_copper":11,"minecraft:lantern":147,"minecraft:iron_block":18,"minecraft:detector_rail":2,"minecraft:light_blue_bed":229,"minecraft:soul_lantern":31,"minecraft:pink_bed":10,"minecraft:reinforced_deepslate":3,"minecraft:repeater":2,"minecraft:bow":4,"minecraft:waxed_cut_copper_slab":31,"minecraft:potion":53,"minecraft:scaffolding":3,"minecraft:furnace":1,"minecraft:bucket":16,"minecraft:waxed_oxidized_cut_copper_stairs":46,"minecraft:white_stained_glass":75,"minecraft:crimson_door":4,"minecraft:minecart":23,"minecraft:chain":18,"minecraft:smooth_stone_slab":57,"minecraft:end_portal_frame":1,"minecraft:trapped_chest":72,"minecraft:white_concrete":4128,"minecraft:observer":44,"minecraft:smooth_stone":420,"minecraft:jukebox":2},"minecraft:custom":{"minecraft:mob_kills":15,"minecraft:inspect_hopper":2,"minecraft:tune_noteblock":1,"minecraft:leave_game":8,"minecraft:time_since_death":517708,"minecraft:climb_one_cm":8367,"minecraft:time_since_rest":517708,"minecraft:sprint_one_cm":156015,"minecraft:walk_one_cm":2366808,"minecraft:trigger_trapped_chest":6,"minecraft:minecart_one_cm":605,"minecraft:damage_dealt":1261,"minecraft:talked_to_villager":2,"minecraft:fly_one_cm":732264,"minecraft:open_chest":11,"minecraft:crouch_one_cm":5823,"minecraft:play_time":517708,"minecraft:sneak_time":3382,"minecraft:walk_under_water_one_cm":6921,"minecraft:jump":476,"minecraft:walk_on_water_one_cm":10574,"minecraft:total_world_time":716241},"minecraft:killed":{"minecraft:bat":11,"minecraft:villager":4}},"DataVersion":3105}