{"stats":{"minecraft:picked_up":{"minecraft:ladder":1,"minecraft:lantern":2,"minecraft:comparator":6,"minecraft:powered_rail":1,"minecraft:scaffolding":21,"minecraft:rail":7},"minecraft:used":{"minecraft:water_bucket":36,"minecraft:trident":2,"minecraft:netherite_sword":14,"minecraft:diorite":1,"minecraft:iron_bars":1,"minecraft:enchanting_table":2,"minecraft:lodestone":24,"minecraft:chiseled_deepslate":71,"minecraft:birch_planks":34,"minecraft:smooth_quartz_slab":11,"minecraft:armor_stand":4,"minecraft:red_concrete":708,"minecraft:powered_rail":38,"minecraft:redstone":171,"minecraft:oak_planks":6,"minecraft:ladder":1,"minecraft:cartography_table":15,"minecraft:polished_basalt":42,"minecraft:spruce_planks":3,"minecraft:chest":577,"minecraft:birch_boat":2,"minecraft:ender_chest":2,"minecraft:diamond_axe":12,"minecraft:redstone_block":15,"minecraft:composter":2,"minecraft:cauldron":21,"minecraft:quartz_stairs":126,"minecraft:fletching_table":24,"minecraft:beacon":13,"minecraft:stonecutter":14,"minecraft:bell":8,"minecraft:waxed_copper_block":34,"minecraft:smooth_quartz_stairs":171,"minecraft:brewing_stand":4,"minecraft:mangrove_trapdoor":2,"minecraft:target":169,"minecraft:rail":24,"minecraft:comparator":9,"minecraft:crafting_table":24,"minecraft:loom":14,"minecraft:brick_slab":31,"minecraft:jungle_planks":231,"minecraft:birch_sign":19,"minecraft:blast_furnace":8,"minecraft:blue_ice":215,"minecraft:campfire":5,"minecraft:furnace_minecart":8,"minecraft:note_block":6,"minecraft:painting":67,"minecraft:smoker":40,"minecraft:dark_oak_door":14,"minecraft:lightning_rod":77,"minecraft:piston":3,"minecraft:waxed_oxidized_copper":1,"minecraft:black_wool":45,"minecraft:firework_rocket":48,"minecraft:villager_spawn_egg":67,"minecraft:bookshelf":30,"minecraft:mangrove_door":5,"minecraft:acacia_door":262,"minecraft:quartz_slab":79,"minecraft:birch_chest_boat":2,"minecraft:light_gray_concrete":186,"minecraft:waxed_cut_copper":11,"minecraft:lantern":393,"minecraft:iron_block":18,"minecraft:polished_deepslate_wall":41,"minecraft:detector_rail":2,"minecraft:lectern":5,"minecraft:light_blue_bed":229,"minecraft:barrel":4,"minecraft:soul_lantern":36,"minecraft:pink_bed":10,"minecraft:reinforced_deepslate":3,"minecraft:repeater":2,"minecraft:waxed_cut_copper_slab":31,"minecraft:bow":6,"minecraft:potion":54,"minecraft:hay_block":4,"minecraft:scaffolding":95,"minecraft:crimson_door":4,"minecraft:furnace":1,"minecraft:grindstone":16,"minecraft:smithing_table":26,"minecraft:waxed_oxidized_cut_copper_stairs":46,"minecraft:bucket":16,"minecraft:white_stained_glass":101,"minecraft:minecart":23,"minecraft:chain":18,"minecraft:end_portal_frame":1,"minecraft:smooth_stone_slab":61,"minecraft:trapped_chest":72,"minecraft:white_concrete":8428,"minecraft:acacia_planks":7,"minecraft:gray_wool":24,"minecraft:observer":44,"minecraft:smooth_stone":420,"minecraft:jukebox":2},"minecraft:crafted":{"minecraft:brick":30,"minecraft:arrow":80,"minecraft:map":3,"minecraft:iron_helmet":1,"minecraft:iron_sword":2,"minecraft:bookshelf":4,"minecraft:iron_boots":1,"minecraft:iron_chestplate":2,"minecraft:iron_axe":3},"minecraft:custom":{"minecraft:mob_kills":24,"minecraft:inspect_hopper":2,"minecraft:traded_with_villager":24,"minecraft:tune_noteblock":1,"minecraft:interact_with_crafting_table":1,"minecraft:interact_with_loom":1,"minecraft:bell_ring":2,"minecraft:interact_with_stonecutter":1,"minecraft:leave_game":19,"minecraft:time_since_death":974985,"minecraft:climb_one_cm":8873,"minecraft:time_since_rest":974985,"minecraft:sprint_one_cm":174066,"minecraft:walk_one_cm":3744562,"minecraft:trigger_trapped_chest":6,"minecraft:minecart_one_cm":605,"minecraft:damage_dealt":1739,"minecraft:talked_to_villager":41,"minecraft:fly_one_cm":3231063,"minecraft:open_chest":11,"minecraft:crouch_one_cm":9242,"minecraft:play_time":974985,"minecraft:sneak_time":16709,"minecraft:walk_under_water_one_cm":110180,"minecraft:interact_with_brewingstand":1,"minecraft:jump":629,"minecraft:interact_with_blast_furnace":1,"minecraft:walk_on_water_one_cm":205213,"minecraft:total_world_time":1419346,"minecraft:interact_with_smoker":2},"minecraft:killed":{"minecraft:bat":20,"minecraft:villager":4}},"DataVersion":3105}