{"stats":{"minecraft:crafted":{"minecraft:brick":30,"minecraft:arrow":80,"minecraft:map":3,"minecraft:iron_helmet":1,"minecraft:iron_sword":2,"minecraft:bookshelf":4,"minecraft:iron_boots":1,"minecraft:iron_chestplate":2,"minecraft:iron_axe":3},"minecraft:picked_up":{"minecraft:ladder":1,"minecraft:gray_concrete":1,"minecraft:lantern":2,"minecraft:kelp":20,"minecraft:comparator":6,"minecraft:observer":1,"minecraft:powered_rail":1,"minecraft:scaffolding":21,"minecraft:redstone":6,"minecraft:white_concrete":28,"minecraft:black_wool":1,"minecraft:rail":7},"minecraft:killed":{"minecraft:bat":20,"minecraft:villager":4},"minecraft:custom":{"minecraft:mob_kills":24,"minecraft:inspect_hopper":2,"minecraft:traded_with_villager":24,"minecraft:tune_noteblock":1,"minecraft:interact_with_crafting_table":1,"minecraft:interact_with_loom":1,"minecraft:bell_ring":2,"minecraft:interact_with_stonecutter":1,"minecraft:leave_game":41,"minecraft:sleep_in_bed":1,"minecraft:time_since_death":1579823,"minecraft:climb_one_cm":9193,"minecraft:time_since_rest":45595,"minecraft:sprint_one_cm":177633,"minecraft:open_enderchest":1,"minecraft:walk_one_cm":4210393,"minecraft:trigger_trapped_chest":6,"minecraft:minecart_one_cm":605,"minecraft:damage_dealt":1773,"minecraft:talked_to_villager":42,"minecraft:fly_one_cm":7740398,"minecraft:open_chest":13,"minecraft:crouch_one_cm":14919,"minecraft:play_time":1579823,"minecraft:sneak_time":44436,"minecraft:walk_under_water_one_cm":1912851,"minecraft:interact_with_brewingstand":1,"minecraft:aviate_one_cm":150468,"minecraft:jump":955,"minecraft:interact_with_blast_furnace":1,"minecraft:walk_on_water_one_cm":425816,"minecraft:total_world_time":2219479,"minecraft:interact_with_smoker":2},"minecraft:used":{"minecraft:water_bucket":36,"minecraft:trident":2,"minecraft:netherite_sword":14,"minecraft:diorite":1,"minecraft:iron_bars":299,"minecraft:enchanting_table":2,"minecraft:chiseled_deepslate":71,"minecraft:lodestone":24,"minecraft:flint_and_steel":7,"minecraft:birch_planks":61,"minecraft:smooth_quartz_slab":11,"minecraft:armor_stand":4,"minecraft:red_concrete":5160,"minecraft:powered_rail":38,"minecraft:redstone":217,"minecraft:oak_planks":9,"minecraft:ladder":2,"minecraft:cartography_table":15,"minecraft:polished_basalt":221,"minecraft:spruce_planks":8,"minecraft:chest":577,"minecraft:birch_boat":2,"minecraft:diamond_axe":12,"minecraft:ender_chest":2,"minecraft:redstone_block":15,"minecraft:cauldron":21,"minecraft:composter":2,"minecraft:beacon":13,"minecraft:quartz_stairs":126,"minecraft:fletching_table":24,"minecraft:stonecutter":14,"minecraft:bell":8,"minecraft:waxed_copper_block":34,"minecraft:smooth_quartz_stairs":171,"minecraft:brewing_stand":4,"minecraft:mangrove_trapdoor":2,"minecraft:target":169,"minecraft:vine":3,"minecraft:rail":24,"minecraft:comparator":9,"minecraft:tnt":4,"minecraft:crafting_table":24,"minecraft:loom":14,"minecraft:brick_slab":31,"minecraft:jungle_planks":4537,"minecraft:birch_sign":19,"minecraft:blast_furnace":8,"minecraft:sponge":1171,"minecraft:furnace_minecart":8,"minecraft:blue_ice":215,"minecraft:campfire":5,"minecraft:note_block":6,"minecraft:gray_concrete":822,"minecraft:painting":67,"minecraft:glow_lichen":6,"minecraft:smoker":40,"minecraft:warped_planks":2,"minecraft:dark_oak_door":14,"minecraft:lightning_rod":77,"minecraft:polished_deepslate_stairs":1,"minecraft:piston":3,"minecraft:dark_oak_planks":2,"minecraft:waxed_oxidized_copper":1,"minecraft:black_wool":172,"minecraft:firework_rocket":96,"minecraft:villager_spawn_egg":67,"minecraft:bookshelf":30,"minecraft:mangrove_door":6,"minecraft:acacia_door":262,"minecraft:quartz_slab":79,"minecraft:birch_chest_boat":2,"minecraft:light_gray_concrete":187,"minecraft:waxed_cut_copper":11,"minecraft:lantern":393,"minecraft:iron_block":18,"minecraft:polished_deepslate_wall":204,"minecraft:detector_rail":2,"minecraft:lectern":5,"minecraft:jungle_stairs":56,"minecraft:dark_oak_wood":3,"minecraft:light_blue_bed":231,"minecraft:barrel":4,"minecraft:soul_lantern":36,"minecraft:pink_bed":10,"minecraft:reinforced_deepslate":4,"minecraft:repeater":2,"minecraft:potion":73,"minecraft:waxed_cut_copper_slab":31,"minecraft:bow":6,"minecraft:hay_block":1294,"minecraft:crimson_door":4,"minecraft:scaffolding":95,"minecraft:end_portal_frame":1,"minecraft:furnace":1,"minecraft:grindstone":16,"minecraft:smithing_table":26,"minecraft:waxed_oxidized_cut_copper_stairs":46,"minecraft:bucket":16,"minecraft:white_stained_glass":101,"minecraft:minecart":23,"minecraft:chain":20,"minecraft:smooth_stone_slab":61,"minecraft:acacia_wood":9,"minecraft:trapped_chest":72,"minecraft:white_concrete":13510,"minecraft:gray_wool":27,"minecraft:acacia_planks":12,"minecraft:observer":104,"minecraft:jukebox":2,"minecraft:smooth_stone":420,"minecraft:stripped_spruce_wood":3}},"DataVersion":3955}